Model,Precision,Device,Total Time (ms),Load Time (ms),Inference Time (ms),Transfer Time (ms),Throughput (samples/sec)
logistic_regression.onnx,FP32,cpu,80.83099999999999,6.386799999999999,45.2612,35.5698,6247.6030235924345
logistic_regression.onnx,FP32,gpu,252.5564,178.054,47.1502,205.40619999999998,1999.5533670894897
logistic_regression_int8.onnx,INT8,cpu,49.965199999999996,6.510999999999998,14.974800000000002,34.9904,10107.034496009224
logistic_regression_int8.onnx,INT8,gpu,275.16859999999997,173.7754,74.13139999999999,201.03719999999998,1835.2384683426817
mlp.onnx,FP32,cpu,1154.2756000000002,7.0192000000000005,1089.73,64.54560000000006,437.50383357319515
mlp.onnx,FP32,gpu,332.714,177.50619999999998,102.49380000000001,230.22020000000003,1517.8201097639414
mlp_int8.onnx,INT8,cpu,388.6458,7.6286000000000005,323.019,65.62679999999999,1299.3836547313776
mlp_int8.onnx,INT8,gpu,1087.2308,176.8792,854.6538,232.57700000000006,464.48279426962523
