Model,Precision,Device,Total Time (ms),Load Time (ms),Inference Time (ms),Transfer Time (ms),Throughput (samples/sec)
logistic_regression.onnx,FP32,cpu,10.2158,6.28,0.145,10.070800000000002,49433.23087766009
logistic_regression.onnx,FP32,gpu,182.82739999999998,174.35160000000002,4.4374,178.39,2762.1680338942633
logistic_regression_int8.onnx,INT8,cpu,10.6546,6.6656,0.1638,10.4908,47397.36827285867
logistic_regression_int8.onnx,INT8,gpu,194.0778,176.76500000000001,13.2596,180.81820000000002,2602.0492812676152
mlp.onnx,FP32,cpu,12.826400000000001,7.2682,0.8353999999999999,11.991,39371.92041414582
mlp.onnx,FP32,gpu,184.70120000000003,174.9312,4.9336,179.76760000000004,2734.1457445863907
mlp_int8.onnx,INT8,cpu,12.4518,7.4346000000000005,0.31239999999999996,12.139399999999998,40556.38542218795
mlp_int8.onnx,INT8,gpu,193.4086,174.37000000000003,14.16,179.2486,2611.0524557853164
